id,name,description,created_at,primary_muscles,secondary_muscles,intensity_factor,bodyweight_factor,force,level,mechanic,equipment,instructions,category,name_es,instructions_es,is_popular,muscle_heads,muscle_distribution
049e6471-3919-440e-b7c9-aaeea486115c,Incline Dumbbell Row,,2026-01-13 23:02:48.776599+00,"[""Espalda""]","[""Bíceps"",""Trapecio""]",0.8,0.0,pull,,compound,,[],,Remo con mancuernas en banco inclinado,[],true,"[{""head"":""Dorsal Ancho"",""muscle"":""Espalda"",""activation"":1},{""head"":""Medio"",""muscle"":""Trapecio"",""activation"":0.9},{""head"":""Braquial"",""muscle"":""Bíceps"",""activation"":0.6}]",{}
0785874d-4985-452b-a425-6b3e615ea0cd,Seated Arnold Press,,2026-01-13 23:02:48.776599+00,"[""Hombros""]","[""Tríceps""]",0.8,0.0,push,,compound,,[],,Press Arnold sentado con mancuernas,[],true,"[{""head"":""Anterior"",""muscle"":""Hombros"",""activation"":1},{""head"":""Lateral"",""muscle"":""Hombros"",""activation"":0.8},{""head"":""Posterior"",""muscle"":""Hombros"",""activation"":0.5}]",{}
0893892a-1a87-466d-9e6f-f8f694df34e1,Leg Press,,2026-01-13 22:53:27.492235+00,"[""Cuádriceps""]","[""Glúteos"",""Isquios""]",0.9,0.0,push,,compound,,[],,Prensa de piernas,[],true,"[{""head"":""Vasto Lateral"",""muscle"":""Cuádriceps"",""activation"":1},{""head"":""Vasto Medial"",""muscle"":""Cuádriceps"",""activation"":0.9},{""head"":""Mayor"",""muscle"":""Glúteos"",""activation"":0.7}]",{}
09277570-0f21-43c2-8d73-e292f87f0ebd,Dumbbell Lateral Raise,,2026-01-13 22:53:27.492235+00,"[""Hombros""]","[""Trapecio""]",0.7,0.0,push,,isolation,,[],,Elevaciones laterales con mancuernas,[],true,"[{""head"":""Lateral"",""muscle"":""Hombros"",""activation"":1},{""head"":""Superior"",""muscle"":""Trapecio"",""activation"":0.4},{""head"":""Anterior"",""muscle"":""Hombros"",""activation"":0.3}]",{}
093471a1-fa0b-4bb4-a98a-4364a98d397f,Barbell Wrist Curl,,2026-01-13 23:06:54.455121+00,"[""Antebrazos""]",[],0.6,0.0,pull,,isolation,,[],,Curl de muñeca con barra,[],true,"[{""head"":""Flexores"",""muscle"":""Antebrazos"",""activation"":1}]",{}
0adbf41d-ca7c-40bb-9364-a192ef830507,Standing Calf Raise,,2026-01-13 22:53:27.492235+00,"[""Gemelos""]",[],0.6,0.0,push,,isolation,,[],,Elevación de talones de pie,[],true,"[{""head"":""Gastrocnemio (Medial)"",""muscle"":""Gemelos"",""activation"":1},{""head"":""Sóleo"",""muscle"":""Gemelos"",""activation"":0.8}]",{}
0c8ed3f6-d1cc-4aed-99e4-18a4638011b8,Low to High Cable Flyes,,2026-01-13 23:02:48.776599+00,"[""Pecho""]","[""Hombros""]",0.7,0.0,push,,isolation,,[],,Aperturas en polea baja,[],true,"[{""head"":""Clavicular"",""muscle"":""Pecho"",""activation"":1},{""head"":""Anterior"",""muscle"":""Hombros"",""activation"":0.6}]",{}
0d80b8b9-1a92-4fd8-9a03-0f5aadf26824,Chin Ups,,2026-01-13 23:02:48.776599+00,"[""Bíceps"",""Espalda""]","[""Hombros""]",1.0,1.0,pull,,compound,,[],,Dominadas supinas,[],true,"[{""head"":""Corta"",""muscle"":""Bíceps"",""activation"":1},{""head"":""Dorsal Ancho"",""muscle"":""Espalda"",""activation"":0.9},{""head"":""Redondo Mayor"",""muscle"":""Espalda"",""activation"":0.7}]",{}
0e378e53-7bfb-4041-b3fa-e9d83175b513,Parallel Bar Dips,,2026-01-13 22:53:27.492235+00,"[""Pecho"",""Tríceps""]","[""Hombros""]",1.0,1.0,push,,compound,,[],,Fondos en paralelas (Dips),[],true,"[{""head"":""Inferior"",""muscle"":""Pecho"",""activation"":0.9},{""head"":""Lateral"",""muscle"":""Tríceps"",""activation"":0.8},{""head"":""Anterior"",""muscle"":""Hombros"",""activation"":0.6}]",{}
0f4071c7-0676-4cc9-aed2-766168a3a7cf,Sissy Squat,,2026-01-13 23:06:54.455121+00,"[""Cuádriceps""]","[""Abdominales""]",0.8,1.0,push,,isolation,,[],,Sentadilla Sissy,[],true,"[{""head"":""Recto Femoral"",""muscle"":""Cuádriceps"",""activation"":1},{""head"":""Vasto Lateral"",""muscle"":""Cuádriceps"",""activation"":0.8}]",{}
105f44a1-92fc-4bed-bdfa-72664e37efbb,Barbell Upright Row,,2026-01-13 23:00:01.720469+00,"[""Hombros""]","[""Trapecio""]",0.8,0.0,pull,,compound,,[],,Remo al mentón con barra,[],true,"[{""head"":""Lateral"",""muscle"":""Hombros"",""activation"":1},{""head"":""Superior"",""muscle"":""Trapecio"",""activation"":0.8},{""head"":""Anterior"",""muscle"":""Hombros"",""activation"":0.6}]",{}
1389c936-0444-490c-a8ea-4ba029c0d131,High to Low Cable Flyes,,2026-01-13 23:06:54.455121+00,"[""Pecho""]","[""Hombros""]",0.7,0.0,push,,isolation,,[],,Cruces en polea alta,[],true,"[{""head"":""Inferior"",""muscle"":""Pecho"",""activation"":1},{""head"":""Esternocostal"",""muscle"":""Pecho"",""activation"":0.8}]",{}
1529e476-8a3a-4bd8-8ccb-0e38fe403cd9,Calf Press on Leg Press,,2026-01-13 23:06:54.455121+00,"[""Gemelos""]",[],0.7,0.0,push,,isolation,,[],,Gemelos en prensa de piernas,[],true,"[{""head"":""Gastrocnemio (Medial)"",""muscle"":""Gemelos"",""activation"":1},{""head"":""Sóleo"",""muscle"":""Gemelos"",""activation"":0.7}]",{}
17aec9b4-1caf-4573-a592-8f7702043159,Pendlay Row,,2026-01-13 23:02:48.776599+00,"[""Espalda""]","[""Lumbar"",""Bíceps"",""Trapecio""]",1.0,0.0,pull,,compound,,[],,Remo Pendlay,[],true,"[{""head"":""Dorsal Ancho"",""muscle"":""Espalda"",""activation"":0.9},{""head"":""Medio"",""muscle"":""Trapecio"",""activation"":1},{""head"":""Erectores"",""muscle"":""Lumbar"",""activation"":0.8}]",{}
215a76e3-da24-4732-936e-3b2f96447d11,Barbell Power Clean,,2026-01-13 23:02:48.776599+00,"[""Isquios"",""Glúteos""]","[""Espalda"",""Hombros"",""Gemelos"",""Trapecio""]",1.0,0.0,pull,,compound,,[],,Power Clean con barra,[],true,"[{""head"":""Mayor"",""muscle"":""Glúteos"",""activation"":1},{""head"":""Lateral"",""muscle"":""Hombros"",""activation"":0.8},{""head"":""Superior"",""muscle"":""Trapecio"",""activation"":0.9}]",{}
232dcaa3-010e-4b2e-8fd2-0310d815b239,Straight Barbell Curl,,2026-01-13 22:53:27.492235+00,"[""Bíceps""]","[""Antebrazos""]",0.7,0.0,pull,,isolation,,[],,Curl de bíceps con barra recta,[],true,"[{""head"":""Corta"",""muscle"":""Bíceps"",""activation"":0.9},{""head"":""Larga"",""muscle"":""Bíceps"",""activation"":0.9},{""head"":""Supinador"",""muscle"":""Antebrazos"",""activation"":0.5}]",{}
274cd2a0-0716-40b2-a01e-945e2d6ec052,Lat Pulldown,,2026-01-13 22:53:27.492235+00,"[""Espalda""]","[""Bíceps"",""Hombros""]",0.9,0.0,pull,,compound,,[],,Jalón al pecho,[],true,"[{""head"":""Dorsal Ancho"",""muscle"":""Espalda"",""activation"":1},{""head"":""Braquial"",""muscle"":""Bíceps"",""activation"":0.6},{""head"":""Medio"",""muscle"":""Trapecio"",""activation"":0.5}]",{}
28fd026f-94f1-45c9-90a7-e9384d7e5efc,Leg Press Calf Raise,,2026-01-13 23:00:01.720469+00,"[""Gemelos""]",[],0.6,0.0,push,,isolation,,[],,Gemelos en prensa,[],true,"[{""head"":""Gastrocnemio (Lateral)"",""muscle"":""Gemelos"",""activation"":0.9},{""head"":""Gastrocnemio (Medial)"",""muscle"":""Gemelos"",""activation"":1}]",{}
2a9a1ccc-22f7-49e9-903a-49a20ede3faf,Barbell Military Press,,2026-01-13 22:53:27.492235+00,"[""Hombros""]","[""Tríceps"",""Trapecio""]",1.0,0.0,push,,compound,,[],,Press Militar con barra,[],true,"[{""head"":""Anterior"",""muscle"":""Hombros"",""activation"":1},{""head"":""Lateral"",""muscle"":""Hombros"",""activation"":0.6},{""head"":""Medial"",""muscle"":""Tríceps"",""activation"":0.7},{""head"":""Superior"",""muscle"":""Trapecio"",""activation"":0.5}]",{}
2b4fff91-2f2f-4868-b284-1f34fdf03018,Face Pulls (with External Rotation),,2026-01-13 23:27:24.360632+00,"[""Hombros"",""Trapecio""]","[""Espalda""]",0.7,0.0,pull,,compound,,,,Facepull con rotación externa,,true,"[{""head"":""Posterior"",""muscle"":""Hombros"",""activation"":1},{""head"":""Medio"",""muscle"":""Trapecio"",""activation"":0.8}]",{}
2c4b48d6-efb8-42cc-a553-e42542a6c643,Rope Pushdown,,2026-01-13 22:53:27.492235+00,"[""Tríceps""]",[],0.6,0.0,push,,isolation,,[],,Extensiones de tríceps en polea alta (Cuerda),[],true,"[{""head"":""Lateral"",""muscle"":""Tríceps"",""activation"":1},{""head"":""Medial"",""muscle"":""Tríceps"",""activation"":0.9},{""head"":""Larga"",""muscle"":""Tríceps"",""activation"":0.6}]",{}
2d6222bd-669d-4dc5-a808-1507fd8b148e,Front Barbell Squat,,2026-01-13 23:00:01.720469+00,"[""Cuádriceps""]","[""Abdominales"",""Glúteos""]",1.0,0.0,push,,compound,,[],,Sentadilla frontal con barra,[],true,"[{""head"":""Vasto Lateral"",""muscle"":""Cuádriceps"",""activation"":0.9},{""head"":""Recto Femoral"",""muscle"":""Cuádriceps"",""activation"":0.8},{""head"":""Recto"",""muscle"":""Abdominales"",""activation"":0.7}]",{}
2f585fc4-f8ee-4876-9a98-1768721abe17,Dumbbell Skullcrushers,,2026-01-13 23:27:24.360632+00,"[""Tríceps""]","[""""]",0.7,0.0,push,,isolation,,,,Press francés con mancuernas (Skullcrushers),,true,"[{""head"":""Larga"",""muscle"":""Tríceps"",""activation"":1},{""head"":""Lateral"",""muscle"":""Tríceps"",""activation"":0.8}]",{}
2fb500e5-152c-45ca-a21e-6b6413981808,Dumbbell Flyes,,2026-01-13 22:53:27.492235+00,"[""Pecho""]","[""Hombros""]",0.7,0.0,push,,isolation,,[],,Aperturas con mancuernas,[],true,"[{""head"":""Esternocostal"",""muscle"":""Pecho"",""activation"":1},{""head"":""Anterior"",""muscle"":""Hombros"",""activation"":0.4}]",{}
3134c4a5-cd71-45c0-be3e-d06a9f62ccd3,Hammer Curl,,2026-01-13 22:53:27.492235+00,"[""Bíceps""]","[""Antebrazos""]",0.7,0.0,pull,,isolation,,[],,Curl Martillo con mancuernas,[],true,"[{""head"":""Braquial"",""muscle"":""Bíceps"",""activation"":1},{""head"":""Braquiorradial"",""muscle"":""Antebrazos"",""activation"":0.9},{""head"":""Larga"",""muscle"":""Bíceps"",""activation"":0.6}]",{}
3171591c-ffc8-463c-88c1-573c11470911,Machine Incline Press,,2026-01-13 23:02:48.776599+00,"[""Pecho""]","[""Tríceps"",""Hombros""]",0.8,0.0,push,,compound,,[],,Press inclinado en máquina,[],true,"[{""head"":""Clavicular"",""muscle"":""Pecho"",""activation"":1},{""head"":""Anterior"",""muscle"":""Hombros"",""activation"":0.6},{""head"":""Lateral"",""muscle"":""Tríceps"",""activation"":0.7}]",{}
32475cb7-968c-4596-99ad-c4725c714b4f,Glute Ham Raise,,2026-01-13 23:06:54.455121+00,"[""Isquios"",""Glúteos""]","[""Lumbar"",""Gemelos""]",0.9,1.0,pull,,compound,,[],,Elevación de Glúteos e Isquios,[],true,"[{""head"":""Bíceps Femoral"",""muscle"":""Isquios"",""activation"":1},{""head"":""Mayor"",""muscle"":""Glúteos"",""activation"":0.9},{""head"":""Gastrocnemio (Medial)"",""muscle"":""Gemelos"",""activation"":0.6}]",{}
344e69f0-d94a-4143-bb39-c76ffd44b0ec,Cable Crossover,,2026-01-13 22:53:27.492235+00,"[""Pecho""]","[""Hombros""]",0.7,0.0,push,,isolation,,[],,Cruces de poleas,[],true,"[{""head"":""Esternocostal"",""muscle"":""Pecho"",""activation"":1},{""head"":""Inferior"",""muscle"":""Pecho"",""activation"":0.9}]",{}
34d2e9b6-04c6-422b-baad-a01ff5724867,Bayesian Curl,,2026-01-13 23:27:24.360632+00,"[""Bíceps""]","[""""]",0.6,0.0,pull,,isolation,,,,Curl Bayesian en polea (tras el cuerpo),,true,"[{""head"":""Larga"",""muscle"":""Bíceps"",""activation"":1}]",{}
3745f7af-32ab-402c-8481-316bbb7d64f0,Neutral Grip Pull Ups,,2026-01-13 23:00:01.720469+00,"[""Espalda""]","[""Bíceps"",""Antebrazos""]",1.0,1.0,pull,,compound,,[],,Dominadas agarre neutro,[],true,"[{""head"":""Dorsal Ancho"",""muscle"":""Espalda"",""activation"":1},{""head"":""Braquial"",""muscle"":""Bíceps"",""activation"":0.9},{""head"":""Braquiorradial"",""muscle"":""Antebrazos"",""activation"":0.7}]",{}
3d18ed44-d976-417e-aa10-242038ff2e8e,Hack Squat Machine,,2026-01-13 23:00:01.720469+00,"[""Cuádriceps""]","[""Glúteos"",""Isquios""]",1.0,0.0,push,,compound,,[],,Sentadilla Hack en máquina,[],true,"[{""head"":""Vasto Lateral"",""muscle"":""Cuádriceps"",""activation"":1},{""head"":""Vasto Medial"",""muscle"":""Cuádriceps"",""activation"":0.9},{""head"":""Mayor"",""muscle"":""Glúteos"",""activation"":0.6}]",{}
442b183b-324b-4069-aff8-48fc4391e08f,Seated Cable Row,,2026-01-13 22:53:27.492235+00,"[""Espalda""]","[""Bíceps"",""Trapecio""]",0.8,0.0,pull,,compound,,[],,Remo Gironda,[],true,"[{""head"":""Dorsal Ancho"",""muscle"":""Espalda"",""activation"":0.8},{""head"":""Medio"",""muscle"":""Trapecio"",""activation"":1},{""head"":""Braquial"",""muscle"":""Bíceps"",""activation"":0.6}]",{}
45a8a122-1e18-4918-b0d5-eae668bd7785,Cable Woodchoppers,,2026-01-13 23:06:54.455121+00,"[""Abdominales""]","[""Hombros""]",0.7,0.0,pull,,compound,,[],,Leñador en polea alta (abdominales),[],true,"[{""head"":""Oblicuos"",""muscle"":""Abdominales"",""activation"":1},{""head"":""Transverso"",""muscle"":""Abdominales"",""activation"":0.9}]",{}
4accde4c-fab6-4605-ba3e-eefcae7e3e73,Chest Supported Row Machine,,2026-01-13 23:06:54.455121+00,"[""Espalda""]","[""Bíceps"",""Trapecio""]",0.8,0.0,pull,,compound,,[],,Remo en máquina apoyado en pecho,[],true,"[{""head"":""Dorsal Ancho"",""muscle"":""Espalda"",""activation"":0.9},{""head"":""Medio"",""muscle"":""Trapecio"",""activation"":1},{""head"":""Romboides"",""muscle"":""Espalda"",""activation"":0.9}]",{}
4b8cb462-12a5-42f0-a65d-a39c95668c61,Good Mornings,,2026-01-13 22:53:27.492235+00,"[""Isquios"",""Lumbar""]","[""Glúteos""]",0.9,0.0,pull,,compound,,[],,Buenos días con barra,[],true,"[{""head"":""Erectores"",""muscle"":""Lumbar"",""activation"":1},{""head"":""Bíceps Femoral"",""muscle"":""Isquios"",""activation"":0.9},{""head"":""Mayor"",""muscle"":""Glúteos"",""activation"":0.7}]",{}
4c33c42b-0f2b-4843-ace0-6633e4daac08,Guillotine Press,,2026-01-13 23:27:24.360632+00,"[""Pecho""]","[""Hombros""]",1.0,0.0,push,,compound,,,,Press Guillotina (Barra al cuello),,true,"[{""head"": ""Clavicular"", ""muscle"": ""Pecho"", ""activation"": 1}, {""head"": ""Esternocostal"", ""muscle"": ""Pecho"", ""activation"": 0.9}]",{}
4ca9c0c1-2374-4fbf-9167-e4102082a899,Romanian Deadlift,,2026-01-13 22:53:27.492235+00,"[""Isquios"",""Glúteos""]","[""Lumbar""]",1.0,0.0,pull,,compound,,[],,Peso Muerto Rumano con barra,[],true,"[{""head"":""Bíceps Femoral"",""muscle"":""Isquios"",""activation"":1},{""head"":""Mayor"",""muscle"":""Glúteos"",""activation"":0.9},{""head"":""Erectores"",""muscle"":""Lumbar"",""activation"":0.8}]",{}
4cac7284-ef7d-4de5-b623-c3cf390ea0cd,Close-Grip Barbell Bench Press,,2026-01-13 23:00:01.720469+00,"[""Tríceps""]","[""Pecho"",""Hombros""]",1.0,0.0,push,,compound,,[],,Press banca agarre cerrado,[],true,"[{""head"":""Lateral"",""muscle"":""Tríceps"",""activation"":0.9},{""head"":""Medial"",""muscle"":""Tríceps"",""activation"":1},{""head"":""Esternocostal"",""muscle"":""Pecho"",""activation"":0.6}]",{}
4fcbd305-dfc1-4627-9973-eff2c604c546,Weighted Russian Twist,,2026-01-13 23:06:54.455121+00,"[""Abdominales""]",[],0.7,0.8,static,,isolation,,[],,Giros rusos con peso,[],true,"[{""head"":""Oblicuos"",""muscle"":""Abdominales"",""activation"":1},{""head"":""Recto"",""muscle"":""Abdominales"",""activation"":0.6}]",{}
50e0ee5b-e069-4dfd-abbe-dda1da9e478b,Seated Dumbbell Shoulder Press,,2026-01-13 22:53:27.492235+00,"[""Hombros""]","[""Tríceps""]",0.9,0.0,push,,compound,,[],,Press de hombros con mancuernas,[],true,"[{""head"":""Anterior"",""muscle"":""Hombros"",""activation"":1},{""head"":""Lateral"",""muscle"":""Hombros"",""activation"":0.7},{""head"":""Lateral"",""muscle"":""Tríceps"",""activation"":0.8}]",{}
528e1348-cda7-41dc-a6d7-fd7a9319cb50,Dumbbell Goblet Squat,,2026-01-13 23:00:01.720469+00,"[""Cuádriceps"",""Glúteos""]","[""Abdominales""]",0.8,0.0,push,,compound,,[],,Sentadilla Goblet con mancuerna,[],true,"[{""head"":""Vasto Lateral"",""muscle"":""Cuádriceps"",""activation"":0.8},{""head"":""Recto"",""muscle"":""Abdominales"",""activation"":0.6},{""head"":""Mayor"",""muscle"":""Glúteos"",""activation"":0.7}]",{}
592f55ea-2899-4ba3-83b3-99859014d137,Smith Machine Bulgarian Split Squat,,2026-01-13 23:02:48.776599+00,"[""Cuádriceps"",""Glúteos""]","[""Isquios""]",0.9,0.0,push,,compound,,[],,Sentadilla Búlgara en multipower (Smith),[],true,"[{""head"":""Mayor"",""muscle"":""Glúteos"",""activation"":1},{""head"":""Vasto Medial"",""muscle"":""Cuádriceps"",""activation"":0.9},{""head"":""Medio"",""muscle"":""Glúteos"",""activation"":0.6}]",{}
5b69079e-2583-4181-8f1e-4843ac3acf51,Dumbbell Rear Delt Flyes,,2026-01-13 23:00:01.720469+00,"[""Hombros""]","[""Trapecio"",""Espalda""]",0.7,0.0,pull,,isolation,,[],,Aperturas de hombro con mancuernas,[],true,"[{""head"":""Posterior"",""muscle"":""Hombros"",""activation"":1},{""head"":""Medio"",""muscle"":""Trapecio"",""activation"":0.7},{""head"":""Infraespinoso"",""muscle"":""Espalda"",""activation"":0.6}]",{}
5ed9fe84-1560-44d8-861c-b1f228a7dada,Snatch Grip Deadlift,,2026-01-13 23:06:54.455121+00,"[""Espalda"",""Isquios""]","[""Trapecio"",""Glúteos""]",1.0,0.0,pull,,compound,,[],,Peso Muerto agarre ancho,[],true,"[{""head"":""Superior"",""muscle"":""Trapecio"",""activation"":1},{""head"":""Bíceps Femoral"",""muscle"":""Isquios"",""activation"":0.9},{""head"":""Dorsal Ancho"",""muscle"":""Espalda"",""activation"":0.7}]",{}
60cd1d3a-c1b7-4fd6-8234-255fafbaf7a0,Leg Curl,,2026-01-13 22:53:27.492235+00,"[""Isquios""]","[""Gemelos""]",0.6,0.0,pull,,isolation,,[],,Curl femoral en máquina,[],true,"[{""head"":""Bíceps Femoral"",""muscle"":""Isquios"",""activation"":1},{""head"":""Gastrocnemio (Medial)"",""muscle"":""Gemelos"",""activation"":0.4}]",{}
6405db96-66d4-42ee-ba16-739f5ff62c52,Bulgarian Split Squat,,2026-01-13 22:53:27.492235+00,"[""Cuádriceps"",""Glúteos""]","[""Isquios""]",0.9,0.0,push,,compound,,[],,Sentadilla Búlgara con mancuernas,[],true,"[{""head"":""Mayor"",""muscle"":""Glúteos"",""activation"":1},{""head"":""Vasto Lateral"",""muscle"":""Cuádriceps"",""activation"":0.8},{""head"":""Medio"",""muscle"":""Glúteos"",""activation"":0.7}]",{}
664217cd-66d4-42be-8d20-06fd044bdcc0,Kettlebell Swing,,2026-01-13 23:00:01.720469+00,"[""Glúteos"",""Isquios""]","[""Lumbar"",""Hombros""]",0.9,0.0,pull,,compound,,[],,Swing con pesa rusa,[],true,"[{""head"":""Mayor"",""muscle"":""Glúteos"",""activation"":1},{""head"":""Bíceps Femoral"",""muscle"":""Isquios"",""activation"":0.9},{""head"":""Erectores"",""muscle"":""Lumbar"",""activation"":0.8}]",{}
67034ea6-2970-4a47-a2cb-4aada7a08b2d,Triceps Katana Extensions,,2026-01-13 23:27:24.360632+00,"[""Tríceps""]","[""""]",0.6,0.0,push,,isolation,,,,Extensiones Katana de tríceps en polea,,true,"[{""head"":""Larga"",""muscle"":""Tríceps"",""activation"":1}]",{}
67043f16-439a-4e92-9f27-a3aa1d1583ba,Superman,,2026-01-13 23:06:54.455121+00,"[""Lumbar""]","[""Glúteos""]",0.6,1.0,static,,isolation,,[],,Superman (Lumbares suelo),[],true,"[{""head"":""Erectores"",""muscle"":""Lumbar"",""activation"":1},{""head"":""Mayor"",""muscle"":""Glúteos"",""activation"":0.7}]",{}
675bb40a-9a7a-4eef-811c-2e720c3ce796,Arnold Press,,2026-01-13 22:53:27.492235+00,"[""Hombros""]","[""Tríceps""]",0.8,0.0,push,,compound,,[],,Press Arnold con mancuernas,[],true,"[{""head"":""Anterior"",""muscle"":""Hombros"",""activation"":1},{""head"":""Lateral"",""muscle"":""Hombros"",""activation"":0.8},{""head"":""Lateral"",""muscle"":""Tríceps"",""activation"":0.6}]",{}
6aa88aec-4879-4782-816c-7521a1d7e22c,Dead Bug,,2026-01-13 23:27:24.360632+00,"[""Abdominales""]","[""Flexores de cadera""]",0.6,1.0,static,,isolation,,,,Dead Bug,,true,"[{""head"":""Transverso"",""muscle"":""Abdominales"",""activation"":1},{""head"":""Recto"",""muscle"":""Abdominales"",""activation"":0.6}]",{}
6d9b5acb-6a49-43c5-b45a-eab83788cf0c,Copenhagen Plank,,2026-01-13 23:27:24.360632+00,"[""Aductores""]","[""Abdominales""]",0.8,1.0,static,,isolation,,,,Plancha Copenhague (Adductores),,true,"[{""head"":""Mayor"",""muscle"":""Aductores"",""activation"":1},{""head"":""Oblicuos"",""muscle"":""Abdominales"",""activation"":0.7}]",{}
6da6a53d-0fcc-4528-b247-28a2179a6929,Decline Barbell Bench Press,,2026-01-13 23:00:01.720469+00,"[""Pecho""]","[""Tríceps"",""Hombros""]",1.0,0.0,push,,compound,,[],,Press banca declinado con barra,[],true,"[{""head"":""Inferior"",""muscle"":""Pecho"",""activation"":1},{""head"":""Esternocostal"",""muscle"":""Pecho"",""activation"":0.8},{""head"":""Lateral"",""muscle"":""Tríceps"",""activation"":0.7}]",{}
6f9d6be9-892f-48a0-a175-f5c782952ded,Behind the Body Cable Curl,,2026-01-13 23:02:48.776599+00,"[""Bíceps""]",[],0.6,0.0,pull,,isolation,,[],,Curl de bíceps en polea tras el cuerpo,[],true,"[{""head"":""Larga"",""muscle"":""Bíceps"",""activation"":1},{""head"":""Corta"",""muscle"":""Bíceps"",""activation"":0.6}]",{}
7103553a-3464-497d-8b46-f9b294608d88,Dumbbell Floor Press,,2026-01-13 23:27:24.360632+00,"[""Pecho"",""Tríceps""]","[""Hombros""]",0.9,0.0,push,,compound,,,,Press de banca en el suelo con mancuernas,,true,"[{""head"":""Lateral"",""muscle"":""Tríceps"",""activation"":0.9},{""head"":""Esternocostal"",""muscle"":""Pecho"",""activation"":0.8}]",{}
7271946d-a235-461f-afcf-7bc412d9ce9f,Machine Shoulder Press,,2026-01-13 23:02:48.776599+00,"[""Hombros""]","[""Tríceps""]",0.8,0.0,push,,compound,,[],,Press de hombros en máquina,[],true,"[{""head"":""Anterior"",""muscle"":""Hombros"",""activation"":1},{""head"":""Lateral"",""muscle"":""Hombros"",""activation"":0.6},{""head"":""Lateral"",""muscle"":""Tríceps"",""activation"":0.7}]",{}
735ceed1-4f80-470a-812f-af0a500d7aef,Dumbbell Pullover (Lat Focus),,2026-01-13 23:27:24.360632+00,"[""Espalda""]","[""Tríceps""]",0.8,0.0,pull,,isolation,,,,Pullovers con mancuerna (Enfoque Dorsal),,true,"[{""head"":""Dorsal Ancho"",""muscle"":""Espalda"",""activation"":1}]",{}
78d0bf2c-b27a-4d77-83aa-27e8f3fef6b0,Barbell Bench Press,,2026-01-13 22:53:27.492235+00,"[""Pecho""]","[""Tríceps"",""Hombros""]",1.0,0.0,push,,compound,,[],,Press banca con barra,[],true,"[{""head"":""Esternocostal"",""muscle"":""Pecho"",""activation"":1},{""head"":""Clavicular"",""muscle"":""Pecho"",""activation"":0.6},{""head"":""Lateral"",""muscle"":""Tríceps"",""activation"":0.8},{""head"":""Anterior"",""muscle"":""Hombros"",""activation"":0.7}]",{}
82d71139-403a-4a3a-b2d9-3b4052f3dac9,Seated Calf Raise (Machine),,2026-01-13 23:27:24.360632+00,"[""Gemelos""]","[""""]",0.6,0.0,push,,isolation,,,,Elevación de gemelos sentado en máquina,,true,"[{""head"":""Sóleo"",""muscle"":""Gemelos"",""activation"":1}]",{}
8697100f-7c2d-428a-8e89-c8aa34682e13,Hanging Leg Raises,,2026-01-13 23:06:54.455121+00,"[""Abdominales""]","[""Flexores de cadera""]",0.8,1.0,pull,,isolation,,[],,Elevación de piernas colgado,[],true,"[{""head"":""Recto"",""muscle"":""Abdominales"",""activation"":1},{""head"":""Oblicuos"",""muscle"":""Abdominales"",""activation"":0.6}]",{}
8a778fab-1327-48a6-9809-7f2ff37c7ff8,Seated Calf Raise,,2026-01-13 23:00:01.720469+00,"[""Gemelos""]",[],0.6,0.0,push,,isolation,,[],,Elevación de talones sentado,[],true,"[{""head"":""Sóleo"",""muscle"":""Gemelos"",""activation"":1},{""head"":""Gastrocnemio (Medial)"",""muscle"":""Gemelos"",""activation"":0.4}]",{}
8b86a024-454c-4d5d-b679-1b74b37d0463,Walking Lunges,,2026-01-13 23:00:01.720469+00,"[""Cuádriceps"",""Glúteos""]","[""Isquios""]",0.9,0.0,push,,compound,,[],,Zancadas caminando con mancuernas,[],true,"[{""head"":""Mayor"",""muscle"":""Glúteos"",""activation"":1},{""head"":""Vasto Lateral"",""muscle"":""Cuádriceps"",""activation"":0.9},{""head"":""Bíceps Femoral"",""muscle"":""Isquios"",""activation"":0.7}]",{}
8c49d265-7d8a-4e02-a463-7c6ac3a7baba,Plank,,2026-01-13 23:06:54.455121+00,"[""Abdominales""]","[""Espalda"",""Hombros""]",0.6,1.0,static,,isolation,,[],,Plancha abdominal,[],true,"[{""head"":""Transverso"",""muscle"":""Abdominales"",""activation"":1},{""head"":""Recto"",""muscle"":""Abdominales"",""activation"":0.8}]",{}
912d110b-4167-4201-a478-cfe252ad0fd8,One Arm Dumbbell Row,,2026-01-13 22:53:27.492235+00,"[""Espalda""]","[""Bíceps"",""Trapecio""]",0.8,0.0,pull,,compound,,[],,Remo con mancuerna a una mano,[],true,"[{""head"":""Dorsal Ancho"",""muscle"":""Espalda"",""activation"":1},{""head"":""Medio"",""muscle"":""Trapecio"",""activation"":0.7},{""head"":""Braquial"",""muscle"":""Bíceps"",""activation"":0.6}]",{}
93bd71d3-5908-45c7-99dc-59207cca3a89,Barbell Squat,,2026-01-13 22:53:27.492235+00,"[""Cuádriceps"",""Glúteos""]","[""Isquios"",""Lumbar""]",1.0,0.0,push,,compound,,[],,Sentadilla con barra,[],true,"[{""head"":""Vasto Lateral"",""muscle"":""Cuádriceps"",""activation"":0.9},{""head"":""Mayor"",""muscle"":""Glúteos"",""activation"":0.9},{""head"":""Vasto Medial"",""muscle"":""Cuádriceps"",""activation"":0.8},{""head"":""Erectores"",""muscle"":""Lumbar"",""activation"":0.7}]",{}
96f647d1-30bc-44b6-92c0-2ccfda8de824,Cable Overhead Triceps Extension,,2026-01-13 23:02:48.776599+00,"[""Tríceps""]",[],0.7,0.0,push,,isolation,,[],,Extensión de tríceps tras nuca en polea,[],true,"[{""head"":""Larga"",""muscle"":""Tríceps"",""activation"":1},{""head"":""Lateral"",""muscle"":""Tríceps"",""activation"":0.6}]",{}
97de9fbd-b0d2-47c9-80a1-e2162ab957ef,Close Grip Lat Pulldown,,2026-01-13 23:02:48.776599+00,"[""Espalda""]","[""Bíceps"",""Trapecio""]",0.8,0.0,pull,,compound,,[],,Jalón al pecho agarre estrecho,[],true,"[{""head"":""Dorsal Ancho"",""muscle"":""Espalda"",""activation"":1},{""head"":""Braquial"",""muscle"":""Bíceps"",""activation"":0.8},{""head"":""Redondo Mayor"",""muscle"":""Espalda"",""activation"":0.7}]",{}
9b13beda-3aef-4077-9ffa-e84dac49de37,Dumbbell Pullover,,2026-01-13 22:53:27.492235+00,"[""Pecho"",""Espalda""]","[""Tríceps""]",0.8,0.0,push,,compound,,[],,Pull-over con mancuerna,[],true,"[{""head"":""Esternocostal"",""muscle"":""Pecho"",""activation"":0.8},{""head"":""Dorsal Ancho"",""muscle"":""Espalda"",""activation"":0.8},{""head"":""Larga"",""muscle"":""Tríceps"",""activation"":0.7}]",{}
9bc4338e-f53d-4e46-97bb-a961e652960e,Hip Abduction Machine,,2026-01-13 23:02:48.776599+00,"[""Glúteos""]",[],0.6,0.0,push,,isolation,,[],,Abducción de cadera en máquina,[],true,"[{""head"":""Medio"",""muscle"":""Glúteos"",""activation"":1},{""head"":""Mínimo"",""muscle"":""Glúteos"",""activation"":0.9},{""head"":""Mayor"",""muscle"":""Glúteos"",""activation"":0.4}]",{}
9e7ddcbf-53be-4124-b4c9-7874406af2ef,Concentration Curl,,2026-01-13 23:00:01.720469+00,"[""Bíceps""]","[""Antebrazos""]",0.7,0.0,pull,,isolation,,[],,Curl concentración con mancuerna,[],true,"[{""head"":""Larga"",""muscle"":""Bíceps"",""activation"":0.9},{""head"":""Corta"",""muscle"":""Bíceps"",""activation"":1}]",{}
9ee0d8b7-e588-4fb4-befd-c8e28d5021fa,Overhead Dumbbell Extension,,2026-01-13 23:00:01.720469+00,"[""Tríceps""]",[],0.7,0.0,push,,isolation,,[],,Extensión de tríceps tras nuca con mancuerna,[],true,"[{""head"":""Larga"",""muscle"":""Tríceps"",""activation"":1},{""head"":""Medial"",""muscle"":""Tríceps"",""activation"":0.7}]",{}
a1f7aed5-8b07-428d-9ebd-713df84bdef5,Dumbbell Bench Press,,2026-01-13 22:53:27.492235+00,"[""Pecho""]","[""Tríceps"",""Hombros""]",0.9,0.0,push,,compound,,[],,Press banca plano con mancuernas,[],true,"[{""head"":""Esternocostal"",""muscle"":""Pecho"",""activation"":1},{""head"":""Clavicular"",""muscle"":""Pecho"",""activation"":0.6},{""head"":""Lateral"",""muscle"":""Tríceps"",""activation"":0.7},{""head"":""Anterior"",""muscle"":""Hombros"",""activation"":0.6}]",{}
a7256105-8dae-445e-b38a-38889c0014f7,Diamond Push Ups,,2026-01-13 23:02:48.776599+00,"[""Tríceps"",""Pecho""]","[""Hombros""]",0.8,0.7,push,,compound,,[],,Flexiones diamante,[],true,"[{""head"":""Lateral"",""muscle"":""Tríceps"",""activation"":1},{""head"":""Esternocostal"",""muscle"":""Pecho"",""activation"":0.7},{""head"":""Larga"",""muscle"":""Tríceps"",""activation"":0.8}]",{}
a74aad63-958d-40f7-ade0-70f87dc53724,Incline Dumbbell Bench Press,,2026-01-13 22:53:27.492235+00,"[""Pecho""]","[""Hombros"",""Tríceps""]",0.9,0.0,push,,compound,,[],,Press inclinado con mancuernas,[],true,"[{""head"":""Clavicular"",""muscle"":""Pecho"",""activation"":1},{""head"":""Anterior"",""muscle"":""Hombros"",""activation"":0.8},{""head"":""Lateral"",""muscle"":""Tríceps"",""activation"":0.7}]",{}
a92c60d1-1455-4299-8b1e-fc0547b3ce47,Pallof Press,,2026-01-13 23:27:24.360632+00,"[""Abdominales""]","[""Hombros""]",0.6,0.0,push,,isolation,,,,Press Pallof en polea,,true,"[{""head"":""Oblicuos"",""muscle"":""Abdominales"",""activation"":1},{""head"":""Transverso"",""muscle"":""Abdominales"",""activation"":0.8}]",{}
a9ac19da-780b-4e73-a399-2eb80397c2ad,Dumbbell External Rotation,,2026-01-13 23:27:24.360632+00,"[""Hombros""]","[""Espalda""]",0.5,0.0,pull,,isolation,,,,Rotación externa con mancuerna,,true,"[{""head"":""Posterior"",""muscle"":""Hombros"",""activation"":0.8},{""head"":""Manguito Rotador"",""muscle"":""Hombros"",""activation"":1}]",{}
acd12e80-7d50-466d-946e-8dec6b50cc62,Ab Wheel Rollout,,2026-01-13 23:06:54.455121+00,"[""Abdominales""]","[""Espalda"",""Hombros""]",0.9,1.0,pull,,compound,,[],,Rueda abdominal,[],true,"[{""head"":""Recto"",""muscle"":""Abdominales"",""activation"":1},{""head"":""Serrato"",""muscle"":""Abdominales"",""activation"":0.8},{""head"":""Dorsal Ancho"",""muscle"":""Espalda"",""activation"":0.5}]",{}
ad5ecd39-f564-4fee-88bb-7d96bed91fd4,Step Up (High),,2026-01-13 23:27:24.360632+00,"[""Glúteos"",""Cuádriceps""]","[""Isquios""]",0.9,1.0,push,,compound,,,,Step Up cajón alto,,true,"[{""head"":""Mayor"",""muscle"":""Glúteos"",""activation"":1},{""head"":""Vasto Lateral"",""muscle"":""Cuádriceps"",""activation"":0.8}]",{}
aee1ed9d-3aba-445d-9499-540fd59a3978,T-Bar Row,,2026-01-13 23:00:01.720469+00,"[""Espalda""]","[""Bíceps"",""Trapecio""]",1.0,0.0,pull,,compound,,[],,Remo en barra T,[],true,"[{""head"":""Dorsal Ancho"",""muscle"":""Espalda"",""activation"":0.9},{""head"":""Medio"",""muscle"":""Trapecio"",""activation"":1},{""head"":""Braquial"",""muscle"":""Bíceps"",""activation"":0.7}]",{}
af2cdd78-890d-4e4f-b991-f22887ef9a95,Spider Curl,,2026-01-13 23:00:01.720469+00,"[""Bíceps""]",[],0.7,0.0,pull,,isolation,,[],,Curl araña con barra Z,[],true,"[{""head"":""Corta"",""muscle"":""Bíceps"",""activation"":1},{""head"":""Larga"",""muscle"":""Bíceps"",""activation"":0.7}]",{}
b3e98421-f94a-4ca2-8fee-e7301698c3c9,Box Jump,,2026-01-13 23:27:24.360632+00,"[""Cuádriceps"",""Glúteos""]","[""Gemelos""]",1.0,1.0,push,,compound,,,,Salto al cajón,,true,"[{""head"":""Vasto Lateral"",""muscle"":""Cuádriceps"",""activation"":1}]",{}
b52a4c9b-089e-4b26-b308-5e126d4ed65f,EZ-Bar French Press,,2026-01-13 22:53:27.492235+00,"[""Tríceps""]",[],0.7,0.0,push,,isolation,,[],,Press francés con barra Z,[],true,"[{""head"":""Larga"",""muscle"":""Tríceps"",""activation"":0.9},{""head"":""Lateral"",""muscle"":""Tríceps"",""activation"":0.8}]",{}
b74335c2-294b-4548-a080-185115b947f4,Reverse Lunges,,2026-01-13 23:27:24.360632+00,"[""Glúteos"",""Cuádriceps""]","[""Isquios""]",0.9,0.0,push,,compound,,,,Zancadas inversas con mancuernas,,true,"[{""head"":""Mayor"",""muscle"":""Glúteos"",""activation"":1}]",{}
b78a6a6b-cd00-41a1-9a1f-657d62ecfa76,Reverse Barbell Curl,,2026-01-13 23:06:54.455121+00,"[""Antebrazos"",""Bíceps""]",[],0.7,0.0,pull,,isolation,,[],,Curl inverso con barra,[],true,"[{""head"":""Braquiorradial"",""muscle"":""Antebrazos"",""activation"":1},{""head"":""Braquial"",""muscle"":""Bíceps"",""activation"":0.8}]",{}
b7d20a0d-11e7-49af-8957-ebd5f336b5e2,Straight Arm Cable Pulldown,,2026-01-13 23:06:54.455121+00,"[""Espalda""]","[""Tríceps""]",0.7,0.0,pull,,isolation,,[],,Pull-over en polea alta brazos rectos,[],true,"[{""head"":""Dorsal Ancho"",""muscle"":""Espalda"",""activation"":1},{""head"":""Larga"",""muscle"":""Tríceps"",""activation"":0.6},{""head"":""Inferior"",""muscle"":""Pecho"",""activation"":0.5}]",{}
bfcb0b61-f2ef-4022-8356-fb4886be1c59,Barbell Hip Thrust,,2026-01-13 23:00:01.720469+00,"[""Glúteos""]","[""Isquios"",""Lumbar""]",1.0,0.0,push,,compound,,[],,Empuje de cadera con barra,[],true,"[{""head"":""Mayor (Superior)"",""muscle"":""Glúteos"",""activation"":1},{""head"":""Mayor (Inferior)"",""muscle"":""Glúteos"",""activation"":1},{""head"":""Bíceps Femoral"",""muscle"":""Isquios"",""activation"":0.5}]",{}
c5826063-b4fb-42b5-bc63-39336b5319a3,Barbell Row,,2026-01-13 22:53:27.492235+00,"[""Espalda""]","[""Bíceps"",""Lumbar"",""Trapecio""]",1.0,0.0,pull,,compound,,[],,Remo con barra,[],true,"[{""head"":""Dorsal Ancho"",""muscle"":""Espalda"",""activation"":0.9},{""head"":""Medio"",""muscle"":""Trapecio"",""activation"":0.8},{""head"":""Braquial"",""muscle"":""Bíceps"",""activation"":0.7},{""head"":""Erectores"",""muscle"":""Lumbar"",""activation"":0.6}]",{}
c754a8b5-da4c-43d4-8c57-528962f9de06,Cable Crunch,,2026-01-13 23:27:24.360632+00,"[""Abdominales""]","[""""]",0.7,0.0,pull,,isolation,,,,Crunch en polea alta,,true,"[{""head"":""Recto"",""muscle"":""Abdominales"",""activation"":1}]",{}
c9f9291e-25db-49be-9304-57bb906f4d2e,Leg Extensions,,2026-01-13 22:53:27.492235+00,"[""Cuádriceps""]",[],0.6,0.0,push,,isolation,,[],,Extensiones de cuádriceps en máquina,[],true,"[{""head"":""Recto Femoral"",""muscle"":""Cuádriceps"",""activation"":1},{""head"":""Vasto Medial"",""muscle"":""Cuádriceps"",""activation"":0.9}]",{}
d478931b-cfe8-4c57-87b7-4b00e974462f,Pull Ups,,2026-01-13 22:53:27.492235+00,"[""Espalda""]","[""Bíceps"",""Hombros""]",1.0,1.0,pull,,compound,,[],,Dominadas pronas,[],true,"[{""head"":""Dorsal Ancho"",""muscle"":""Espalda"",""activation"":1},{""head"":""Braquial"",""muscle"":""Bíceps"",""activation"":0.7},{""head"":""Inferior"",""muscle"":""Trapecio"",""activation"":0.6}]",{}
d66b4b9f-8883-4955-b1de-d768001cacae,Back Hyperextensions,,2026-01-13 23:02:48.776599+00,"[""Lumbar"",""Glúteos""]","[""Isquios""]",0.7,1.0,pull,,isolation,,[],,Hiperextensiones a 45 grados (Espalda),[],true,"[{""head"":""Erectores"",""muscle"":""Lumbar"",""activation"":1},{""head"":""Mayor"",""muscle"":""Glúteos"",""activation"":0.8},{""head"":""Bíceps Femoral"",""muscle"":""Isquios"",""activation"":0.7}]",{}
d93df93d-e341-4ba4-80fa-7efa14cffd60,Lying Leg Curl,,2026-01-13 23:27:24.360632+00,"[""Isquios""]","[""Gemelos""]",0.7,0.0,pull,,isolation,,,,Curl femoral tumbado,,true,"[{""head"":""Bíceps Femoral"",""muscle"":""Isquios"",""activation"":1}]",{}
da1bde34-ee72-4161-b404-4e39920cc160,Zercher Squat,,2026-01-13 23:06:54.455121+00,"[""Cuádriceps"",""Abdominales""]","[""Espalda"",""Glúteos""]",1.0,0.0,push,,compound,,[],,Sentadilla Zercher con barra,[],true,"[{""head"":""Vasto Lateral"",""muscle"":""Cuádriceps"",""activation"":0.9},{""head"":""Recto"",""muscle"":""Abdominales"",""activation"":1},{""head"":""Erectores"",""muscle"":""Espalda"",""activation"":0.8}]",{}
dbd723c9-5e7e-4542-99af-b222a0434c68,Facepulls,,2026-01-13 22:53:27.492235+00,"[""Hombros""]","[""Trapecio""]",0.7,0.0,pull,,isolation,,[],,Facepulls,[],true,"[{""head"":""Posterior"",""muscle"":""Hombros"",""activation"":1},{""head"":""Medio"",""muscle"":""Trapecio"",""activation"":0.8},{""head"":""Lateral"",""muscle"":""Hombros"",""activation"":0.5}]",{}
dc227ef1-ff50-4479-83da-0620746d4a94,Cable Lateral Raise,,2026-01-13 23:02:48.776599+00,"[""Hombros""]","[""Trapecio""]",0.7,0.0,push,,isolation,,[],,Elevaciones laterales en polea,[],true,"[{""head"":""Lateral"",""muscle"":""Hombros"",""activation"":1},{""head"":""Superior"",""muscle"":""Trapecio"",""activation"":0.3},{""head"":""Anterior"",""muscle"":""Hombros"",""activation"":0.4}]",{}
dd88bcc1-ea95-42eb-ac78-188e34007319,Rear Delt Machine Flyes,,2026-01-13 23:06:54.455121+00,"[""Hombros""]","[""Trapecio""]",0.7,0.0,pull,,isolation,,[],,aperturas invertidas en máquina (hombros),[],true,"[{""head"":""Posterior"",""muscle"":""Hombros"",""activation"":1},{""head"":""Medio"",""muscle"":""Trapecio"",""activation"":0.7}]",{}
ddb265ea-2114-4f2a-a57a-db980dd1d3ce,Sumo Deadlift,,2026-01-13 23:00:01.720469+00,"[""Glúteos"",""Cuádriceps""]","[""Aductores"",""Lumbar"",""Isquios""]",1.0,0.0,pull,,compound,,[],,Peso Muerto Sumo con barra,[],true,"[{""head"":""Mayor"",""muscle"":""Glúteos"",""activation"":1},{""head"":""Mayor"",""muscle"":""Aductores"",""activation"":0.9},{""head"":""Vasto Medial"",""muscle"":""Cuádriceps"",""activation"":0.8}]",{}
df7b8943-105a-47d4-93c0-f6e85baf92ce,Meadows Row,,2026-01-13 23:27:24.360632+00,"[""Espalda""]","[""Bíceps"",""Trapecio""]",0.9,0.0,pull,,compound,,,,Remo Meadows (Barra T unilateral),,true,"[{""head"":""Dorsal Ancho"",""muscle"":""Espalda"",""activation"":0.9},{""head"":""Redondo Mayor"",""muscle"":""Espalda"",""activation"":1}]",{}
e113091a-f5e2-4c41-9743-7413c92fae49,Pec Deck Machine,,2026-01-13 23:00:01.720469+00,"[""Pecho""]",[],0.7,0.0,push,,isolation,,[],,Máquina ontractora de pecho,[],true,"[{""head"":""Esternocostal"",""muscle"":""Pecho"",""activation"":1},{""head"":""Clavicular"",""muscle"":""Pecho"",""activation"":0.5}]",{}
e2441583-5dad-4781-ac4d-83f232672be8,Seated Leg Curl,,2026-01-13 23:02:48.776599+00,"[""Isquios""]","[""Gemelos""]",0.7,0.0,pull,,isolation,,[],,Curl femoral sentado en máquina,[],true,"[{""head"":""Semitendinoso/Semimembranoso"",""muscle"":""Isquios"",""activation"":1},{""head"":""Bíceps Femoral"",""muscle"":""Isquios"",""activation"":0.9}]",{}
ef2327df-9748-45f9-ad9c-b766ae9c7b94,Incline Cable Flyes,,2026-01-13 23:00:01.720469+00,"[""Pecho""]","[""Hombros""]",0.7,0.0,push,,isolation,,[],,Aperturas en polea inclinada,[],true,"[{""head"":""Clavicular"",""muscle"":""Pecho"",""activation"":1},{""head"":""Anterior"",""muscle"":""Hombros"",""activation"":0.4}]",{}
ef923b15-1c63-454e-9732-ac36745dfe76,Machine Triceps Dip,,2026-01-13 23:06:54.455121+00,"[""Tríceps""]","[""Pecho""]",0.7,0.0,push,,compound,,[],,Fondos en máquina,[],true,"[{""head"":""Lateral"",""muscle"":""Tríceps"",""activation"":1},{""head"":""Medial"",""muscle"":""Tríceps"",""activation"":0.9}]",{}
efff8c18-475d-492e-a44a-aef46b772e99,Landmine Squat,,2026-01-13 23:27:24.360632+00,"[""Cuádriceps"",""Glúteos""]","[""Abdominales""]",0.9,0.0,push,,compound,,,,Sentadilla Landmine (Barra punta),,true,"[{""head"":""Vasto Medial"",""muscle"":""Cuádriceps"",""activation"":1},{""head"":""Recto"",""muscle"":""Abdominales"",""activation"":0.7}]",{}
f5b1a210-7ffb-423e-87c1-614567ee8797,Single Leg Romanian Deadlift,,2026-01-13 23:27:24.360632+00,"[""Isquios"",""Glúteos""]","[""Lumbar""]",0.9,0.0,pull,,compound,,,,Peso muerto rumano a una mano,,true,"[{""head"": ""Bíceps Femoral"", ""muscle"": ""Isquios"", ""activation"": 1}, {""head"": ""Medio"", ""muscle"": ""Glúteos"", ""activation"": 0.9}]",{}
f7bf1451-d865-4a21-ba43-5b12afe6b132,Spider Row,,2026-01-13 23:06:54.455121+00,"[""Espalda""]","[""Bíceps""]",0.8,0.0,pull,,compound,,[],,Remo araña con mancuernas,[],true,"[{""head"":""Medio"",""muscle"":""Trapecio"",""activation"":1},{""head"":""Redondo Mayor"",""muscle"":""Espalda"",""activation"":0.8}]",{}
f7f3a204-a44a-418c-be48-4aa9eba29c25,Zottman Curl,,2026-01-13 23:02:48.776599+00,"[""Bíceps""]","[""Antebrazos""]",0.7,0.0,pull,,isolation,,[],,Curl Zottman con mancuernas,[],true,"[{""head"":""Braquial"",""muscle"":""Bíceps"",""activation"":0.9},{""head"":""Braquiorradial"",""muscle"":""Antebrazos"",""activation"":1},{""head"":""Larga"",""muscle"":""Bíceps"",""activation"":0.7}]",{}
f82bb0c0-f771-470b-b7a7-0d7185b169e7,Alternating Dumbbell Shoulder Press,,2026-01-13 23:02:48.776599+00,"[""Hombros""]","[""Tríceps"",""Abdominales""]",0.9,0.0,push,,compound,,[],,Press militar alterno con mancuernas,[],true,"[{""head"":""Anterior"",""muscle"":""Hombros"",""activation"":1},{""head"":""Oblicuos"",""muscle"":""Abdominales"",""activation"":0.7},{""head"":""Lateral"",""muscle"":""Tríceps"",""activation"":0.7}]",{}
fa40c4d4-73cb-42a4-99a8-dcdc9391b523,Tibialis Raise,,2026-01-13 23:06:54.455121+00,"[""Tíbial""]",[],0.6,1.0,pull,,isolation,,[],,Elevación de tíbial anterior,[],true,"[{""head"":""Anterior"",""muscle"":""Tíbial"",""activation"":1}]",{}
fa529b83-2e7d-4b36-8cad-191c3c8f5a88,Preacher Curl,,2026-01-13 22:53:27.492235+00,"[""Bíceps""]",[],0.7,0.0,pull,,isolation,,[],,Curl Predicador,[],true,"[{""head"":""Corta"",""muscle"":""Bíceps"",""activation"":1},{""head"":""Larga"",""muscle"":""Bíceps"",""activation"":0.6}]",{}
fdacfea7-77cd-4526-9e6c-2b80722bf094,Incline Barbell Bench Press,,2026-01-13 22:53:27.492235+00,"[""Pecho""]","[""Tríceps"",""Hombros""]",1.0,0.0,push,,compound,,[],,Press banca inclinado con barra,[],true,"[{""head"":""Clavicular"",""muscle"":""Pecho"",""activation"":1},{""head"":""Esternocostal"",""muscle"":""Pecho"",""activation"":0.5},{""head"":""Anterior"",""muscle"":""Hombros"",""activation"":0.9},{""head"":""Lateral"",""muscle"":""Tríceps"",""activation"":0.7}]",{}
fe292d9f-027b-46db-a82d-8e498afc3b62,Push Ups,,2026-01-13 23:02:48.776599+00,"[""Pecho""]","[""Tríceps"",""Hombros""]",0.8,0.7,push,,compound,,[],,Flexiones,[],true,"[{""head"":""Esternocostal"",""muscle"":""Pecho"",""activation"":1},{""head"":""Medial"",""muscle"":""Tríceps"",""activation"":0.7},{""head"":""Recto"",""muscle"":""Abdominales"",""activation"":0.5}]",{}
ff1b1f5e-84ad-4aa3-a472-1bef9c91c15e,Incline Dumbbell Curl,,2026-01-13 22:53:27.492235+00,"[""Bíceps""]",[],0.7,0.0,pull,,isolation,,[],,Curl con mancuernas en banco inclinado,[],true,"[{""head"":""Larga"",""muscle"":""Bíceps"",""activation"":1},{""head"":""Corta"",""muscle"":""Bíceps"",""activation"":0.7}]",{}
